credit,debit,date,l,s,d
1,3,1582-11-08,0,0,1
1,3,1582-11-08,0,0,1
1,3,1582-11-08,0,0,1
1,3,1582-11-08,17,17,6
1,4,1582-11-08,10,4,0
1,5,1582-11-08,0,15,2
1,6,1582-11-08,16,4,10
1,7,1582-11-08,11,5,0
1,8,1582-11-08,62,7,9
1,9,1582-11-08,25,0,0
1,10,1582-11-08,0,0,1
1,11,1582-11-08,38,15,0
1,12,1582-11-08,0,0,1
1,13,1582-11-08,75,0,0
13,2,1583-03-12,98,11,7
1,9,1582-11-08,317,11,2
1,14,1582-11-08,1,10,8
1,9,1582-11-08,130,10,0
1,15,1582-11-08,0,12,0
1,16,1582-11-08,1,7,3
16,2,1594-09-13,1,7,3
1,17,1582-11-08,36,5,0
17,35,1583-11-16,36,5,0
1,17,1582-11-08,138,11,1
37,17,1583-01-03,6,15,11
50,17,1583-09-19,144,14,7.5
1,18,1582-11-08,6,2,4.5
18,85,1594-09-20,6,2,4.5
1,19,1582-11-08,80,0,0
1,20,1582-11-08,58,3,10
1,21,1582-11-08,1,10,0
21,65,1584-11-22,1,10,0
1,22,1582-11-08,100,0,0
22,152,1583-09-19,100,0,0
1,23,1582-11-08,173,8,9
23,2,1582-11-14,108,8,9
23,55,1582-11-23,65,0,0
1,24,1582-11-08,81,1,5
24,73,1583-01-13,91,9,10
2,24,1583-09-19,12,4,8
1,25,1582-11-08,47,14,1
25,50,1583-08-25,37,14,1
25,50,1583-11-16,10,0,0
1,26,1582-11-08,100,0,0
1,26,1582-11-08,90,10,9
1,27,1582-11-08,48,0,0
2,27,1583-06-28,16,13,4
27,70,1583-06-29,9,7,2.5
2,27,1584-11-22,2,16,7
1,28,1582-11-08,324,16,0
28,83,1583-05-12,8000,0,0
28,83,1583-05-12,834,10,0
28,82,1583-07-06,2589,5,0
28,35,1583-08-09,351,18,7
28,13,1583-08-31,23,11,7
32,28,1583-09-19,10,16,0
26,28,1583-09-19,100,0,0
28,17,1583-09-19,117,0,7
28,53,1583-09-19,1314,9,5.5
28,17,1583-09-19,144,14,7.5
28,17,1583-09-19,2426,14,5
28,68,1583-09-19,34,6,3
32,28,1583-09-19,39,16,3
28,61,1583-09-19,4281,5,8
28,71,1583-09-19,44,15,0
28,17,1583-09-19,64,12,6
28,30,1583-09-19,7168,11,1.5
28,30,1583-09-19,782,17,1
26,28,1583-09-19,90,10,9
28,71,1583-12-15,0,0,8
17,28,1583-12-15,0,3,1.5
71,28,1583-12-15,0,4,5
88,28,1583-12-15,14693,7,2.5
76,28,1583-12-15,3584,17,4
84,28,1583-12-15,464,13,6
84,28,1583-12-15,682,0,1.5
1,29,1582-11-08,0,0,1
1,17,1582-11-08,395,14,7
50,17,1583-09-19,32,6,4
50,17,1583-12-15,34,13,10
1,29,1582-11-08,0,6,0
1,30,1582-11-08,1587,7,7
39,30,1583-09-19,48,7,4
30,71,1583-09-19,673,10,11
2,30,1584-03-22,1,1,8
30,68,1594-09-05,137,3,0
30,218,1594-09-12,189,9,11
2,30,1594-09-15,1,11,7
218,30,1594-09-15,57,18,8
1,31,1582-11-08,69,17,3
2,31,1582-11-21,20,0,0
37,31,1583-01-03,0,16,8
2,31,1583-02-12,30,0,0
2,31,1583-07-23,8,3,8
1,32,1582-11-08,1313,14,11
66,32,1583-01-10,0,2,4
76,32,1584-02-22,24,0,0
1,33,1582-11-08,140,0,0
1,34,1582-11-08,7,3,10
1,35,1582-11-08,596,12,8
35,32,1583-01-06,152,6,4
35,32,1583-01-06,361,14,4
57,35,1583-08-09,222,9,11
32,35,1583-08-09,257,0,4
35,71,1583-08-09,317,5,4
1,17,1582-11-08,304,4,2
55,17,1583-09-19,324,1,5
55,17,1594-09-05,184,17,9
1,36,1582-11-08,2,2,4
36,180,1583-08-25,2,2,4
1,37,1582-11-08,7,13,1.5
37,107,1583-01-03,6,16,0
37,26,1583-02-12,217,4,7
2,37,1583-03-12,145,4,1
1,38,1582-11-08,102,13,10
2,38,1594-09-15,25,0,0
38,51,1594-09-15,8,15,7
1,39,1582-11-08,58,19,5
1,40,1582-11-08,4,11,8
2,40,1582-11-15,8,6,8
2,40,1582-11-21,4,0,0
2,40,1583-02-08,13,1,8
40,107,1583-09-19,30,0,0
1,41,1582-11-08,12,0,0
41,76,1583-06-04,12,0,0
1,42,1582-11-08,344,7,8
60,42,1583-11-16,16,13,4
1,43,1582-11-08,43,6,8
1,44,1582-11-08,100,0,0
2,44,1583-03-12,6,0,0
44,137,1583-09-19,100,0,0
44,2,1594-09-12,25,0,0
1,45,1582-11-08,35,14,5
1,46,1582-11-08,50,0,0
1,47,1582-11-08,2,11,4
2,47,1583-01-08,5,5,7
1,9,1582-11-08,86,13,4
9,2,1583-04-26,73,6,8
9,2,1583-09-19,26,13,4
1,48,1582-11-08,333,6,8
48,2,1582-11-10,333,6,8
1,49,1582-11-08,15,12,4
49,2,1583-03-12,15,13,0
2,49,1583-07-23,0,0,8
49,2,1583-07-23,15,11,8
49,2,1584-03-15,23,7,6
1,50,1582-11-08,39,17,10
50,64,1583-01-06,2,1,2
64,50,1583-01-06,8,1,11.5
64,50,1583-01-06,8,4,2
2,50,1583-02-01,15,0,0
2,50,1583-03-12,2,0,0
2,50,1583-03-12,4,19,4
2,50,1583-03-25,15,0,0
2,50,1583-05-28,20,0,0
55,50,1583-06-29,44,0,0
2,50,1583-07-11,10,0,0
2,50,1583-07-19,12,7,0
2,50,1583-08-05,155,0,0
2,50,1583-08-06,155,8,4
2,50,1583-08-06,155,8,4
2,50,1583-08-10,16,13,4
2,50,1583-08-13,105,11,1.5
2,50,1583-08-13,83,6,8
2,50,1583-08-25,1056,5,1
50,136,1583-08-25,1600,0,0
29,50,1583-08-25,19,13,3
180,50,1583-08-25,2,2,4
64,50,1583-09-19,0,0,3
50,64,1583-09-19,1,14,2
64,50,1583-09-19,127,15,7
50,64,1583-09-19,14,4,11
64,50,1583-09-19,31,4,4
2,50,1583-12-01,45,0,0
2,50,1584-07-13,13,10,7
1,17,1582-11-08,5526,4,11.5
37,17,1583-01-03,2,14,7
17,64,1583-01-06,0,4,1
64,17,1583-01-06,2,17,2
17,64,1583-01-06,37,14,0
64,17,1583-01-06,499,19,3
17,64,1583-01-06,66,6,4
17,73,1583-01-10,58,6,4
55,17,1583-06-29,83,3,10
17,29,1583-08-25,7,4,7
29,17,1583-08-25,81,12,11
55,17,1583-12-28,43,7,3
1,51,1582-11-08,34,4,1
1,52,1582-11-08,2,6,8
1,53,1582-11-08,3265,13,10
53,57,1583-09-08,16,9,0
53,179,1583-10-25,27,2,6
164,53,1584-03-15,1,1,11
1,54,1582-11-08,8,15,7
1,55,1582-11-08,100,0,0
1,56,1582-11-08,15,10,0
1,44,1582-11-08,19,0,0
1,57,1582-11-08,100,14,11
2,57,1583-09-26,160,0,0
2,57,1583-11-28,159,11,8
2,57,1583-11-28,76,8,10
57,213,1584-07-30,88,0,0
1,58,1582-11-08,122,8,6
2,58,1583-11-16,0,2,0
74,58,1583-11-16,2,0,0
1,59,1582-11-08,153,15,6
59,171,1582-11-23,153,15,6
1,60,1582-11-08,6,3,2
164,60,1583-01-15,4,5,6
60,2,1583-05-21,159,11,8
60,164,1583-06-29,4,5,6
60,66,1583-08-01,3,10,0
2,60,1583-08-13,100,0,0
2,60,1583-08-13,241,18,0
2,60,1583-08-13,45,1,7
2,60,1583-08-25,0,5,0
2,60,1583-08-25,146,7,1
2,60,1583-09-06,70,5,10
60,147,1583-09-19,603,12,6
2,60,1583-11-04,0,14,7
1,61,1582-11-08,326,14,11
1,62,1582-11-08,0,6,2
2,62,1583-08-11,4,3,4
1,63,1582-11-08,14,17,5
1,55,1582-11-08,96,6,0
2,55,1582-11-17,95,0,0
2,55,1582-11-28,12,0,0
55,66,1583-01-10,14,17,3
2,55,1583-01-22,50,3,4
26,55,1583-02-05,200,0,0
2,55,1583-02-16,4,3,4
2,55,1583-02-16,50,0,0
55,135,1583-06-29,101,0,0
55,64,1583-06-29,4,13,0
55,76,1583-06-29,53,9,2
2,55,1583-08-25,30,0,0
2,55,1583-11-29,13,7,2
1,51,1582-11-08,163,4,0
1,64,1582-11-08,462,5,10
64,86,1583-01-06,16,0,0
64,19,1583-01-06,8,6,8
2,64,1583-02-16,42,17,4
64,2,1583-07-17,1,10,0
64,86,1583-07-17,3,19,7
1,65,1582-11-08,1,0,9.5
2,65,1582-11-23,1,6,4
2,65,1583-01-03,1,3,4
2,65,1583-01-07,2,13,4
2,65,1583-01-31,1,17,4
2,65,1583-03-12,0,12,8
65,2,1583-03-16,9,12,6
65,2,1583-04-26,23,6,6
65,2,1583-04-26,6,3,8
2,65,1583-04-27,1,4,8
65,2,1583-05-14,10,11,4
65,2,1583-08-11,15,0,0
65,2,1583-08-11,3,6,8
2,65,1583-08-11,5,17,4
65,2,1583-08-11,6,17,6
65,2,1583-09-06,0,12,2
2,65,1583-09-24,2,13,4
2,65,1583-10-26,1,16,8
2,65,1583-11-02,1,0,0
2,65,1583-11-02,1,6,8
2,65,1584-02-03,1,0,0
2,65,1584-02-03,1,19,3
65,2,1584-03-15,5,10,0
65,2,1584-03-20,12,4,8
65,2,1584-04-12,10,7,8
2,65,1584-04-22,3,4,8
2,65,1584-05-07,1,15,0
65,2,1584-12-07,7,10,0
65,2,1584-12-31,13,15,0
2,65,1585-01-18,1,10,0
65,2,1585-01-18,5,12,5
2,65,1585-02-19,1,14,1
2,65,1585-02-19,8,16,2
2,65,1585-03-01,1,16,3
2,65,1594-01-20,0,6,6
1,66,1582-11-08,17,10,9
66,163,1583-01-10,36,8,3
2,66,1583-02-12,0,7,8
66,26,1583-08-04,346,12,4
66,26,1583-08-07,109,4,9
2,66,1583-08-25,50,0,0
2,66,1583-10-15,100,0,0
2,66,1583-10-15,50,0,0
2,66,1583-10-28,50,0,0
2,66,1583-11-28,50,0,0
2,66,1583-11-29,12,2,1
2,66,1583-12-15,15,0,0
2,66,1584-01-07,116,13,4
66,2,1584-02-20,61,6,2
2,66,1584-03-22,29,7,4
1,67,1582-11-08,216,4,8
2,67,1583-10-21,25,8,3
1,68,1582-11-08,249,1,1
1,69,1582-11-08,46,4,6
69,2,1584-07-02,21,6,3
69,2,1584-07-17,18,8,0
1,70,1582-11-08,2,10,4
1,71,1582-11-08,17,12,0
71,57,1583-09-19,8,16,0
1,72,1582-11-08,16,6,10
73,72,1584-02-22,8,18,4
73,72,1594-09-20,25,6,3
1,73,1582-11-08,95,11,10
73,26,1583-02-21,152,6,2
73,96,1584-02-22,31,5,0
1,74,1582-11-08,2,0,0
1,61,1582-11-08,5446,3,7
1,30,1582-11-08,14112,8,8
164,30,1583-06-29,11,18,0
164,30,1583-06-29,21,3,0
27,30,1583-06-29,46,15,2.5
1,75,1582-11-08,14,16,10
1,76,1582-11-08,5288,17,2
2,76,1582-12-04,6,13,4
2,76,1582-12-29,40,0,0
64,76,1583-01-06,8,19,6.5
35,76,1583-01-06,91,12,5
66,76,1583-01-10,1,0,0
66,76,1583-01-10,1,13,7
163,76,1583-01-10,72,19,11
76,66,1583-01-15,1,14,5
164,76,1583-01-15,1,2,3
164,76,1583-01-15,1,9,9
164,76,1583-01-15,14,4,3
76,83,1583-01-15,34,12,5
164,76,1583-01-15,5,12,1
76,83,1583-01-15,5,17,9
164,76,1583-01-15,55,17,4
164,76,1583-01-15,6,2,0
164,76,1583-01-15,8,16,10
2,76,1583-01-22,1,16,8
2,76,1583-02-07,6,5,0
55,76,1583-02-12,10,17,8
2,76,1583-02-12,16,13,4
2,76,1583-02-12,16,13,4
2,76,1583-02-18,8,13,4
76,83,1583-02-21,5,8,11
2,76,1583-03-12,1,1,8
2,76,1583-03-12,3,6,8
76,2,1583-05-10,0,2,0
76,149,1583-06-02,0,10,0
76,170,1583-06-04,0,0,2
76,26,1583-06-04,0,5,0
76,9,1583-06-04,11,11,1
117,76,1583-07-15,2,13,2
60,76,1583-07-30,0,15,0
164,76,1583-07-30,1,0,1
76,60,1583-07-30,1,12,3
103,76,1583-07-30,800,0,0
14,76,1583-08-01,8,6,8
165,76,1583-08-25,18,4,7
29,76,1583-08-25,18,7,8
147,76,1583-08-25,22,13,3.5
50,76,1583-08-25,291,13,4
165,76,1583-08-25,326,2,8
165,76,1583-08-25,36,2,5
165,76,1583-08-25,440,13,1
50,76,1583-08-25,56,5,0
8,76,1583-08-31,62,7,9
76,83,1583-08-31,737,7,7
76,83,1583-08-31,93,0,4
15,76,1583-09-19,0,12,0
139,76,1583-09-19,0,2,0
76,57,1583-09-19,16,18,6
47,76,1583-09-19,2,11,4
52,76,1583-09-19,2,6,8
158,76,1583-09-19,23,8,9
9,76,1583-09-19,25,0,0
163,76,1583-09-19,65,3,1
34,76,1583-09-19,7,3,10
76,153,1583-09-19,8,11,10
2,76,1583-09-27,621,19,4
2,76,1583-10-10,1,6,4
161,76,1583-10-10,41,10,3
135,76,1583-10-14,136,0,0
2,76,1583-10-18,0,6,2
2,76,1583-11-04,0,11,6
2,76,1583-11-04,4,3,4
2,76,1583-11-04,5,12,2
2,76,1583-11-05,0,14,7
2,76,1583-11-05,35,0,0
2,76,1583-11-09,10,1,4
2,76,1583-11-09,4,3,4
2,76,1583-11-09,8,6,8
26,76,1583-11-16,0,0,6
62,76,1583-11-16,0,6,2
76,166,1583-11-16,1,0,0
189,76,1583-11-16,1,10,0
178,76,1583-11-16,10,0,0
183,76,1583-11-16,10,0,0
75,76,1583-11-16,11,16,6
146,76,1583-11-16,12,5,10
102,76,1583-11-16,13,14,10
137,76,1583-11-16,13,3,6
76,9,1583-11-16,13,6,8
42,76,1583-11-16,172,3,10
208,76,1583-11-16,2,0,0
142,76,1583-11-16,2,1,10
76,64,1583-11-16,3,0,4
143,76,1583-11-16,3,10,3
14,76,1583-11-16,3,9,5
57,76,1583-11-16,300,0,0
134,76,1583-11-16,4,9,2.5
130,76,1583-11-16,5,6,6
144,76,1583-11-16,5,9,6
97,76,1583-11-16,6,0,0
131,76,1583-11-16,6,5,0
200,76,1583-11-16,8,6,8
156,76,1583-11-16,8,6,8
151,76,1583-11-16,80,0,0
145,76,1583-11-16,86,0,8.25
2,76,1583-11-28,12,0,0
2,76,1583-11-28,12,19,0
2,76,1583-12-06,75,0,0
2,76,1583-12-12,1,13,6
2,76,1583-12-12,2,16,8
2,76,1583-12-14,8,6,8
76,156,1583-12-15,0,3,9
78,76,1583-12-15,4,14,1.5
76,88,1583-12-26,5644,0,0.25
1,26,1582-11-08,291,6,11
26,2,1583-01-09,291,6,11
26,2,1583-01-15,165,8,4
26,2,1583-03-12,217,4,7
26,2,1583-04-09,174,18,10
26,2,1583-05-07,88,9,0
26,2,1583-06-24,342,1,8
1,57,1582-11-08,33,6,8
57,2,1583-05-05,16,13,4
57,2,1584-03-15,16,13,4
1,29,1582-11-08,159,14,2
29,2,1583-08-17,0,12,2
1,77,1582-11-08,89,14,11
164,77,1582-11-23,5,9,6
164,77,1583-01-06,0,7,11
35,77,1583-01-06,20,13,1
164,77,1583-01-06,6,18,11
77,66,1583-01-10,26,1,5
35,77,1583-01-17,4,17,10
75,77,1583-01-31,1,10,4
53,77,1583-01-31,1,10,6
53,77,1583-01-31,28,17,4
17,77,1583-01-31,32,13,1.5
35,77,1583-01-31,9,15,0
164,77,1583-02-14,0,9,2
90,77,1583-02-14,38,6,8
90,77,1583-02-14,50,16,7
2,77,1583-03-12,20,0,0
77,26,1583-03-12,287,5,10
2,77,1583-03-16,20,0,0
26,77,1583-04-06,80,0,0
2,77,1583-04-30,49,3,4
2,77,1583-05-12,120,0,0
2,77,1583-05-12,80,0,0
77,26,1583-05-18,242,10,0
77,26,1583-05-18,404,3,4
2,77,1583-05-27,50,0,0
77,26,1583-06-20,80,1,0
2,77,1583-06-28,2,0,0
2,77,1583-07-02,130,3,4
2,77,1583-07-14,12,8,7
2,77,1583-07-14,151,1,4
2,77,1583-07-19,3,16,8
2,77,1583-07-20,129,14,2
2,77,1583-07-20,20,0,0
26,77,1583-07-21,157,1,8
2,77,1583-07-21,200,0,0
2,77,1583-07-23,200,0,0
2,77,1583-07-26,20,0,0
2,77,1583-07-27,22,12,8
165,77,1583-08-25,146,11,6
62,77,1583-09-19,96,0,0
77,2,1583-10-03,962,11,6.5
2,77,1583-10-26,9,9,0
2,77,1583-10-28,144,12,4.5
2,77,1583-11-05,6,0,0
77,87,1583-11-05,6,0,0
77,90,1583-11-16,154,1,4.5
77,42,1583-11-16,16,13,4
164,77,1584-03-15,32,0,7
17,77,1584-07-30,9,10,0
1,78,1582-11-08,108,17,4
1,79,1582-11-08,3,12,0
1,80,1582-11-08,754,14,6
2,80,1582-12-31,1,4,0
2,80,1583-01-31,248,12,0
2,80,1583-02-12,0,11,2
80,2,1594-09-12,75,16,8
80,2,1594-09-12,927,11,0
1,81,1582-11-08,11,17,6
1,82,1582-11-08,5254,15,0
82,30,1583-01-06,2750,9,8
82,61,1583-01-06,300,18,10
82,61,1583-01-06,519,1,6
82,61,1583-02-05,239,1,10
53,82,1583-02-05,33,8,9
83,82,1583-02-05,6147,15,8
82,30,1583-02-05,804,0,8
82,53,1583-02-12,544,16,7
82,103,1583-02-19,2540,18,10.5
82,61,1583-05-10,306,6,10
82,30,1583-05-10,410,15,7
82,30,1583-05-10,924,6,11
82,53,1583-07-06,118,4,0
82,135,1583-07-06,136,0,0
82,151,1583-07-06,40,0,0
82,30,1583-07-26,2487,4,8
82,30,1583-07-26,332,15,11
82,61,1583-07-26,606,16,7
103,82,1583-07-30,25,0,0
82,103,1583-07-30,800,0,0
82,53,1583-10-03,1,4,0
83,82,1583-10-30,4612,18,8
82,61,1584-02-22,1085,17,8
82,30,1584-02-22,146,19,0
82,30,1584-02-22,226,8,8
82,30,1584-02-22,818,17,4
82,30,1584-11-20,530,2,0
82,61,1584-11-20,848,10,0
82,83,1594-09-05,1000,0,0
82,30,1594-09-05,685,12,4
1,83,1582-11-08,23148,11,3.5
64,83,1582-11-26,60,8,8
31,83,1583-01-06,135,3,10
17,83,1583-01-15,355,5,4.5
35,83,1583-01-15,4,4,0
35,83,1583-01-15,782,15,0
26,83,1583-01-15,90,8,0
83,174,1583-01-17,1456,11,5
83,26,1583-02-05,320,0,0
83,26,1583-02-05,6,5,0
83,65,1583-02-08,102,1,8
83,26,1583-02-08,245,0,0
83,26,1583-02-08,362,8,0
83,26,1583-02-12,246,5,0
83,26,1583-02-12,287,5,10
35,83,1583-02-21,67,18,10
17,83,1583-02-21,87,11,6
83,53,1583-02-22,75,9,10
83,26,1583-03-23,126,14,4
83,26,1583-03-23,173,3,2
83,26,1583-03-23,226,9,7
83,26,1583-03-23,24,10,9
83,174,1583-05-12,111,7,10
83,76,1583-05-12,196,18,6
83,99,1583-05-12,51,8,4
83,165,1583-05-12,85,8,4
1,84,1582-11-08,1872,5,0
84,26,1582-11-17,163,6,8
84,26,1582-11-17,238,15,0
84,26,1582-11-23,246,17,6
84,26,1582-12-14,162,18,4
84,26,1583-01-03,164,3,4
84,150,1583-01-03,224,10,5
84,35,1583-01-03,755,13,11
84,26,1583-02-09,400,0,0
84,26,1583-02-21,163,6,8
84,26,1583-02-21,165,0,0
84,26,1583-04-06,162,1,8
84,26,1583-04-06,162,1,8
84,26,1583-04-06,88,9,0
84,60,1583-04-08,159,11,8
84,26,1583-04-08,162,1,8
26,84,1583-04-08,19,4,0
84,26,1583-04-26,241,17,6
84,26,1583-04-28,157,18,4
84,26,1583-04-29,160,8,4
84,26,1583-04-30,127,19,7
84,26,1583-04-30,160,8,4
26,84,1583-05-07,8,5,2
84,26,1583-05-12,161,17,6
84,26,1583-05-13,161,13,4
84,26,1583-05-13,192,10,0
26,84,1583-05-27,24,0,0
84,26,1583-05-28,162,1,8
84,26,1583-05-28,180,0,0
84,62,1583-05-28,96,0,0
84,26,1583-05-31,80,0,0
84,26,1583-06-02,162,1,8
84,26,1583-06-09,160,12,6
84,26,1583-06-09,160,8,4
84,26,1583-06-09,160,8,4
84,26,1583-06-09,183,6,8
84,26,1583-06-09,243,15,0
84,26,1583-07-03,178,5,10
84,26,1583-07-04,159,11,8
84,26,1583-07-04,159,3,4
84,26,1583-07-04,159,3,4
84,26,1583-07-04,159,3,4
84,26,1583-07-26,174,18,10
39,84,1583-07-30,10,12,1
17,84,1583-07-30,100,19,3
17,84,1583-07-30,1743,19,1
30,84,1583-07-30,18135,9,10
53,84,1583-07-30,2373,13,2
17,84,1583-07-30,2492,2,11
17,84,1583-07-30,261,15,8
179,84,1583-07-30,27,2,6
30,84,1583-07-30,360,18,4
17,84,1583-07-30,416,7,3
32,84,1583-07-30,645,17,0
71,84,1583-07-30,673,10,11
30,84,1583-07-30,819,4,6
61,84,1583-07-30,9099,9,5
84,26,1583-08-04,160,16,8
84,26,1583-08-26,158,2,6
84,26,1583-08-26,158,2,6
84,26,1583-08-26,159,3,4
84,27,1583-08-26,19,4,8
84,26,1583-08-31,160,0,0
84,163,1583-09-19,1000,0,0
84,26,1583-09-19,159,11,8
84,26,1583-09-19,315,16,8
84,26,1583-10-01,157,18,4
84,26,1583-10-14,158,15,0
84,26,1583-10-14,94,7,6
84,26,1583-10-30,156,13,4
84,26,1583-10-30,156,9,2
84,26,1583-11-05,156,13,4
84,26,1583-11-05,156,9,2
84,26,1583-11-05,156,9,2
84,26,1583-11-05,156,9,2
84,26,1583-11-05,156,9,2
84,26,1583-11-05,158,10,10
84,26,1583-11-05,158,6,8
84,26,1583-11-05,158,6,8
84,26,1583-11-05,312,18,4
84,26,1583-11-10,157,1,8
84,26,1583-11-10,158,15,0
84,26,1583-11-10,158,15,0
57,84,1583-11-16,105,5,5
71,84,1583-11-16,105,5,5
57,84,1583-11-16,127,17,3
32,84,1583-11-16,127,17,3
17,84,1583-11-16,147,9,4
55,84,1583-11-16,147,9,4
84,26,1583-11-16,159,11,8
68,84,1583-11-16,214,7,9
53,84,1583-11-16,2633,13,3
61,84,1583-11-16,2981,8,9
17,84,1583-11-16,3051,13,9
84,26,1583-11-16,316,3,7.5
17,84,1583-11-16,333,10,9
17,84,1583-11-16,334,19,2
67,84,1583-11-16,51,15,3
30,84,1583-11-16,8930,13,7
30,84,1583-11-16,911,6,10
84,26,1583-12-12,158,10,10
84,26,1583-12-12,158,15,0
84,26,1583-12-12,158,15,0
84,26,1583-12-12,160,8,4
84,26,1583-12-12,160,8,4
84,26,1583-12-12,240,12,6
84,55,1583-12-12,377,15,0
84,26,1583-12-12,79,7,6
71,84,1583-12-15,265,7,2
26,84,1583-12-15,78,4,7
78,84,1583-12-15,98,17,6
84,26,1583-12-28,159,11,8
84,26,1584-01-12,156,5,0
84,26,1584-01-21,155,16,8
84,26,1584-01-21,157,10,0
84,26,1584-01-21,157,5,10
84,26,1584-01-21,167,8,8
84,26,1584-01-21,236,5,0
84,26,1584-01-27,119,7,4
84,26,1584-01-27,157,18,4
84,26,1584-01-27,77,18,4
84,26,1584-02-10,108,18,9
84,26,1584-02-10,155,16,8
84,26,1584-02-10,311,5,0
84,26,1584-02-16,155,12,6
84,26,1584-02-16,157,10,0
84,26,1584-02-16,157,10,0
84,26,1584-02-16,233,8,9
84,26,1584-02-16,78,15,0
96,84,1584-02-22,120,17,7
84,26,1584-02-28,157,10,0
84,26,1584-02-28,157,5,10
84,26,1584-02-28,157,5,10
84,26,1584-02-28,157,5,10
61,84,1594-09-05,1055,2,1
30,84,1594-09-05,1122,5,0
61,84,1594-09-05,1323,19,0
68,84,1594-09-05,137,3,0
53,84,1594-09-05,140,9,0
84,30,1594-09-05,15,14,11
84,32,1594-09-05,17,6,11
84,102,1594-09-05,2242,14,5
101,84,1594-09-05,27,10,3
68,84,1594-09-05,29,3,2
84,30,1594-09-05,290,3,1
101,84,1594-09-05,303,16,1
32,84,1594-09-05,303,3,1
17,84,1594-09-05,369,15,7
84,102,1594-09-05,3776,6,2
84,17,1594-09-05,5,18,7
84,55,1594-09-05,5,18,7
84,53,1594-09-05,59,2,8
84,215,1594-09-05,6,4,0
30,84,1594-09-05,62,7,6
32,84,1594-09-05,72,14,2
67,84,1594-09-05,76,11,0
30,84,1594-09-05,767,13,11
84,17,1594-09-05,78,11,10
67,84,1594-09-05,81,19,3
30,84,1594-09-05,860,10,0
84,30,1594-09-05,87,13,3
84,101,1594-09-05,9,1,0
84,61,1594-09-05,92,7,1
1,85,1582-11-08,100,0,0
2,85,1583-11-04,0,14,7
85,165,1583-11-23,100,0,0
1,2,1582-11-08,291,18,5
1,35,1582-11-08,66,18,5
2,35,1582-11-26,200,2,7
2,35,1582-12-11,0,10,0
35,60,1583-01-06,13,6,11
47,35,1583-01-06,5,5,7
66,35,1583-01-10,0,2,3
35,73,1583-01-15,2,10,0
35,103,1583-01-17,3,6,3
2,35,1583-05-13,0,15,0
55,35,1583-06-29,4,2,10
79,35,1583-08-01,3,12,0
24,35,1583-11-16,1,16,3
35,66,1583-12-28,3,3,0
26,2,1584-01-14,158,15,0
26,2,1584-01-21,160,8,4
26,2,1584-03-15,236,5,0
26,2,1584-01-27,240,12,6
26,2,1584-04-21,157,5,10
26,2,1583-07-02,80,0,0
26,2,1584-01-06,158,10,10
26,2,1583-05-25,160,8,4
26,2,1583-12-01,312,18,4
26,2,1583-02-03,197,18,4
26,2,1583-06-24,404,3,4
26,2,1583-10-06,400,0,0
26,2,1583-12-15,118,6,2
26,2,1583-07-16,161,13,4
26,2,1583-12-28,156,13,4
26,2,1583-05-03,24,10,9
26,2,1583-06-02,160,8,4
26,2,1583-06-10,192,10,0
26,2,1583-06-17,241,17,6
26,2,1583-06-28,127,19,7
26,2,1583-03-12,163,6,8
26,2,1583-12-14,162,18,4
26,2,1583-03-31,246,5,0
26,2,1583-06-28,242,10,0
26,96,1583-02-05,33,12,11
2,26,1583-03-12,33,12,11
26,2,1583-04-28,173,3,2
26,2,1583-10-04,421,10,0
26,2,1583-12-05,278,0,2
26,2,1584-09-07,78,2,8
26,2,1584-01-14,234,7,6
26,2,1583-05-14,15,16,8
26,2,1583-07-29,32,8,4
26,2,1583-09-06,16,1,8
26,156,1583-04-01,287,5,10
26,2,1583-09-19,158,2,6
26,2,1583-11-10,163,6,8
26,2,1583-11-18,238,15,0
26,2,1582-12-20,246,17,6
26,2,1583-01-04,164,3,4
26,2,1583-12-26,262,9,0
26,2,1583-12-14,116,12,0
26,2,1584-01-04,79,7,6
26,2,1584-01-22,77,18,4
26,2,1584-01-04,158,10,10
26,2,1584-01-04,158,15,0
26,2,1584-04-21,157,10,0
2,32,1583-06-28,6,10,8
55,32,1583-06-29,2,5,5
87,167,1584-03-27,6,11,8
164,70,1583-01-15,8,13,4
165,70,1583-08-25,53,7,11
123,89,1583-01-31,52,3,4
89,123,1584-01-07,52,3,4
123,90,1583-01-31,36,19,3
2,90,1584-01-07,100,0,0
90,123,1584-01-07,139,14,3
123,91,1583-01-31,35,9,2
2,91,1584-01-07,100,0,0
91,123,1584-01-07,135,9,2
123,92,1583-01-31,38,15,8
2,92,1584-01-07,100,0,0
92,123,1584-01-07,38,15,8
92,123,1584-03-22,100,0,0
123,77,1583-01-21,34,1,5
2,77,1584-01-07,100,0,0
77,123,1584-01-07,134,1,5
123,93,1583-01-21,38,3,8
2,93,1584-01-07,100,0,0
93,123,1584-01-07,138,3,8
123,94,1583-01-21,38,9,3
2,94,1584-01-07,100,0,0
94,123,1584-01-07,138,9,3
123,95,1583-01-21,37,11,2
2,95,1584-01-07,100,0,0
95,123,1584-01-07,137,11,2
123,89,1583-01-31,11,11,5
78,89,1583-01-31,2,3,4
35,89,1583-01-31,32,3,0
17,89,1583-01-31,37,16,6.5
53,89,1583-01-31,56,11,8
89,42,1583-11-16,16,13,4
26,2,1583-02-05,120,0,0
26,2,1583-02-05,6,5,0
26,96,1583-03-12,100,6,3
26,98,1583-03-23,362,8,0
26,2,1583-03-23,33,6,8
26,2,1583-02-09,400,0,0
2,97,1583-02-11,2,0,0
2,97,1583-03-23,4,0,0
2,64,1583-02-16,9,2,8
2,64,1583-07-06,8,6,8
2,64,1583-09-22,124,18,4
26,2,1583-04-14,165,0,0
26,2,1583-04-29,157,18,4
26,2,1583-06-04,162,1,8
26,2,1583-10-05,160,16,8
26,156,1583-04-05,100,0,0
26,2,1583-04-08,105,4,2
26,2,1583-12-14,157,15,6
26,2,1583-04-06,2,1,8
26,2,1583-06-21,242,10,0
26,2,1583-04-05,46,19,2
26,2,1583-11-28,156,9,2
26,2,1583-04-05,152,6,2
26,2,1583-05-06,287,5,10
2,26,1583-04-01,18,12,11
98,2,1583-03-23,362,8,0
26,2,1583-04-30,126,14,4
26,2,1583-06-07,162,1,8
26,2,1583-11-28,156,13,4
83,26,1583-05-12,15,16,8
83,26,1583-05-13,242,10,0
83,26,1583-05-13,323,15,0
83,26,1583-06-04,243,2,6
83,26,1583-06-14,32,8,4
83,26,1583-06-14,546,17,1
174,83,1583-07-26,1,2,6
83,174,1583-07-26,222,16,0
83,174,1583-07-26,75,5,4
26,83,1583-07-30,31,5,0
83,84,1583-07-30,810,16,6
83,26,1583-08-07,155,15,11
83,26,1583-08-07,16,1,8
83,26,1583-08-07,5,0,6
35,83,1583-08-09,256,2,0
83,26,1583-08-26,172,3,10
83,26,1583-08-26,249,5,10
83,26,1583-08-26,400,0,0
76,83,1583-08-31,196,18,6
165,83,1583-08-31,93,6,2
26,83,1583-09-19,243,2,6
84,83,1583-09-19,5180,4,1
26,83,1583-09-19,546,17,1
83,26,1583-10-01,191,13,8
83,26,1583-10-01,278,0,2
83,26,1583-10-28,118,6,2
83,26,1583-10-28,262,8,11
83,26,1583-10-30,116,12,0
83,26,1583-10-30,157,15,6
83,26,1583-11-10,313,19,2
83,26,1583-11-28,234,7,6
83,70,1583-12-15,4,3,4
83,193,1583-12-15,4,3,4
83,65,1583-12-15,8,6,8
83,26,1583-12-28,113,18,1
83,26,1583-12-28,194,5,5
17,83,1583-12-28,640,13,6
83,84,1584-01-27,383,6,8
83,26,1584-02-16,154,3,4
83,84,1584-02-16,192,1,3
83,26,1584-02-16,230,1,10
83,26,1584-03-15,270,13,4
83,88,1584-03-15,29,12,0
83,26,1584-03-15,387,14,11
83,73,1584-03-27,200,0,0
83,26,1584-03-27,31,0,0
83,26,1584-03-27,512,13,9
83,26,1584-04-15,196,7,1
83,26,1584-04-29,134,2,7
83,26,1584-05-08,312,2,3
83,26,1584-05-08,79,8,7
83,26,1584-06-02,129,3,0
83,26,1584-06-02,170,16,8
83,26,1584-06-02,253,15,0
83,26,1584-06-02,406,5,0
83,26,1584-06-30,699,13,9
83,26,1584-06-30,78,2,8
83,26,1584-08-17,160,8,4
83,26,1584-08-17,280,14,7
83,26,1584-08-17,305,15,5
83,26,1584-09-15,395,17,11
83,84,1584-11-04,196,19,7
83,84,1584-11-04,393,19,2
83,84,1584-11-04,472,15,0
83,84,1584-11-11,709,4,8
83,26,1584-11-20,397,18,4
76,83,1584-11-22,26,17,9
83,99,1584-11-22,28,11,8
76,83,1584-11-22,290,11,11
83,151,1584-11-22,43,8,0
83,84,1584-12-02,1018,7,8
83,84,1584-12-29,418,16,10
83,84,1585-01-01,1108,2,11
165,83,1585-01-28,1,5,6
83,26,1585-01-28,32,13,4
83,84,1585-02-28,389,13,0
102,83,1594-09-05,164,18,4
102,83,1594-09-05,1849,10,0
102,83,1594-09-05,3827,1,4
76,83,1594-09-05,44,14,7
83,214,1594-09-05,45,6,8
83,2,1594-09-12,2020,16,8
83,2,1594-09-12,232,10,0
83,2,1594-09-13,235,0,0
83,2,1594-09-13,395,16,8
83,26,1594-12-16,305,6,8
26,2,1583-07-02,161,17,6
26,2,1583-12-13,157,1,8
26,2,1583-06-18,323,15,0
26,2,1583-09-24,158,2,6
26,2,1583-07-23,162,1,8
26,2,1583-10-08,315,16,8
26,2,1583-07-21,5,0,0
26,2,1583-08-15,178,5,10
26,2,1583-07-06,160,8,4
26,2,1583-07-05,160,8,4
26,165,1583-07-03,160,8,4
26,2,1583-07-06,0,4,2
26,2,1583-07-30,243,15,0
26,2,1583-07-04,183,6,8
26,2,1583-11-11,191,13,7
26,2,1583-07-12,80,1,0
29,17,1583-07-02,19,19,5
26,2,1583-11-28,159,11,8
26,2,1583-08-13,159,3,4
26,2,1583-11-16,159,11,8
26,2,1583-08-11,159,3,4
26,2,1583-10-18,157,18,4
26,2,1583-11-05,94,7,6
2,100,1583-07-28,22,0,0
26,165,1583-09-19,346,12,4
26,2,1583-09-23,265,0,8
35,101,1583-08-09,340,13,6
57,101,1594-09-05,165,13,2
101,57,1594-09-05,4,10,6
164,102,1583-07-30,13,14,10
2,103,1583-08-20,22,1,2
2,103,1583-10-03,12,11,6
98,103,1594-10-15,16,6,0
103,60,1594-10-15,23,4,0.666666666666667
103,98,1594-10-15,59,18,3.5
26,2,1583-10-08,159,3,4
26,2,1583-10-26,160,0,0
26,2,1584-01-17,160,8,4
26,2,1583-11-08,159,11,8
26,2,1583-12-05,158,15,0
26,2,1584-01-06,158,6,8
26,2,1584-03-05,157,5,10
164,30,1584-03-25,23,4,8
30,2,1584-07-30,10,12,2
30,2,1594-09-12,648,2,3
17,50,1583-12-11,0,3,1.5
32,213,1584-07-06,88,0,0
57,32,1594-09-05,187,18,7
32,57,1594-09-05,8,13,5
2,32,1584-04-28,4,6,4
32,210,1584-04-29,193,6,10
32,211,1584-05-16,204,8,0
2,32,1584-06-06,1,14,0
17,32,1584-07-30,35,15,0
26,2,1583-10-15,316,3,7
26,2,1583-12-01,78,4,7
26,2,1583-12-03,156,9,2
26,2,1583-12-03,156,9,2
26,2,1583-12-03,156,9,2
26,2,1584-01-03,158,6,8
26,2,1583-12-29,313,19,2
26,2,1584-01-03,158,15,0
26,2,1584-01-14,158,15,0
26,2,1584-07-30,157,5,10
1,104,1582-11-08,39,19,0
104,2,1594-09-13,9,0,0
2,104,1594-09-14,1,11,6
1,105,1582-11-08,69,6,8
105,2,1594-09-13,4,6,8
2,105,1594-09-14,0,11,6.5
1,88,1582-11-08,5186,3,4.5
88,60,1583-09-13,100,0,0
177,88,1583-11-16,74,6,8
2,88,1594-09-14,400,0,0
1,106,1582-11-08,117,6,8
1,106,1582-11-08,85,6,8
106,2,1594-09-12,22,19,10
106,2,1594-09-13,16,0,0
1,106,1582-11-08,425,0,0
2,106,1594-09-14,0,1,8
2,106,1594-09-14,0,11,6
2,106,1594-09-14,0,8,4
2,106,1594-09-14,3,2,8
2,106,1594-09-14,6,4,5.5
106,220,1594-09-20,10,8,7.5
106,220,1594-09-20,400,0,0
1,106,1582-11-08,283,6,8
106,2,1594-09-13,50,0,0
106,2,1594-09-13,68,15,6.66666666666667
1,106,1582-11-08,283,0,0
106,2,1594-09-12,12,13,4
106,2,1594-09-12,14,8,9.33333333333333
106,2,1594-09-12,16,13,4
106,2,1594-09-12,55,19,8.66666666666667
106,2,1594-09-13,16,13,4
106,2,1594-09-13,16,13,4
106,2,1594-09-13,16,2,3
106,2,1594-09-13,33,6,8
1,107,1582-11-08,542,6,10
108,1,1582-11-08,5,9,4
109,1,1582-11-08,15,0,0
110,1,1582-11-08,18,15,5
111,1,1582-11-08,15,19,2
112,1,1582-11-08,0,9,0
113,1,1582-11-08,22,7,6
113,1,1582-11-08,18,13,10
113,1,1582-11-08,6,17,5
114,1,1582-11-08,2,13,3
115,1,1582-11-08,7,0,0
116,1,1582-11-08,1,6,0
117,1,1582-11-08,73,0,0
2,117,1583-08-01,4,3,4
2,117,1583-08-01,75,13,2
118,1,1582-11-08,67,8,11
119,1,1582-11-08,12,7,9
120,1,1582-11-08,2,6,8
121,1,1582-11-08,16,15,6
122,1,1582-11-08,5,10,8
91,1,1582-11-08,3041,13,4
35,91,1583-01-06,9,6,4
91,90,1583-01-31,20,6,2
17,91,1583-01-31,7,14,8
90,91,1583-07-05,20,2,6
2,91,1583-10-18,16,13,4
2,91,1583-12-12,0,5,8
91,28,1583-12-15,990,12,2
2,91,1584-01-07,400,0,0
2,91,1584-03-15,350,0,0
2,91,1584-03-22,150,0,0
84,91,1584-03-22,2015,0,0
60,91,1584-03-30,101,3,7
90,91,1584-11-24,200,0,0
91,41,1594-09-20,14,18,4
91,123,1594-09-20,191,7,0.875
91,187,1594-09-20,2,0,0
91,28,1594-10-01,128,15,3.5
91,84,1594-10-01,155,14,8
91,88,1594-10-01,41,14,8.5
91,28,1594-10-01,79,17,6
19,91,1594-10-04,10,10,3.75
55,91,1594-10-04,10,7,11
83,91,1594-10-04,1517,3,9.29166666666667
84,91,1594-10-04,180,1,5.33333333333333
77,91,1594-10-04,20,5,6
88,91,1594-10-04,51,5,2
60,91,1594-10-04,8,18,11
220,91,1594-12-15,107,9,5.5
106,91,1594-12-15,115,10,0
91,88,1594-12-15,3,6,8
90,91,1594-12-15,3,6,8
88,91,1594-12-15,50,0,0
95,1,1582-11-08,5327,6,8
2,95,1582-12-13,6,0,0
35,95,1583-01-06,11,12,5
2,95,1583-01-22,6,0,0
95,90,1583-01-31,9,6,2
2,95,1583-02-16,7,2,6
2,95,1583-07-11,1,6,8
2,95,1583-08-02,6,0,0
2,95,1583-09-23,10,0,0
2,95,1583-10-06,16,0,0
2,95,1583-10-12,20,0,0
2,95,1583-11-05,23,18,9
95,42,1583-11-16,16,13,4
95,28,1583-12-15,1732,4,2.5
84,95,1583-12-15,18,12,0
95,169,1583-12-15,9,15,0
2,95,1583-12-21,22,13,4
2,95,1584-01-07,600,0,0
2,95,1584-01-21,0,11,0
2,95,1584-03-15,1051,15,6
84,95,1584-03-22,3565,0,0
123,1,1582-11-08,5333,6,8
2,123,1582-12-01,11,5,8
2,123,1582-12-24,6,0,0
35,123,1583-01-06,11,12,5
2,123,1583-01-07,8,18,8
2,123,1583-02-18,0,5,4
2,123,1583-02-18,1,0,0
2,123,1583-02-18,2,1,2
2,123,1583-02-18,6,6,6
123,90,1583-02-21,2,15,0
123,2,1583-02-21,3,14,7
2,123,1583-07-11,2,18,8
2,123,1583-11-02,1,0,0
2,123,1583-11-15,12,0,0
2,123,1583-11-24,16,13,4
2,123,1583-12-08,3,6,0
123,28,1583-12-15,1732,4,2.5
123,169,1583-12-15,9,15,0
98,1,1582-11-08,56,6,3
124,1,1582-11-08,82,6,8
2,124,1583-02-01,85,12,10
125,1,1582-11-08,49,0,3
126,1,1582-11-08,70,2,6
127,1,1582-11-08,33,18,4
128,1,1582-11-08,200,0,0
129,1,1582-11-08,9,5,0
130,1,1582-11-08,108,10,0
2,130,1583-05-10,6,5,0
2,130,1583-12-12,107,11,6
131,1,1582-11-08,106,5,0
2,131,1583-02-19,6,5,0
2,131,1583-11-28,106,5,0
132,1,1582-11-08,19,1,7
133,1,1582-11-08,28,6,5
2,133,1594-09-13,24,0,0
91,1,1582-11-08,149,6,8
134,1,1582-11-08,77,16,4.5
2,134,1583-11-28,82,5,7
135,1,1582-11-08,353,1,10
2,135,1582-11-28,10,0,0
164,135,1583-01-15,0,7,10
2,135,1583-02-02,20,0,0
2,135,1583-03-25,15,0,0
2,135,1583-07-06,12,0,0
2,135,1583-08-08,80,0,0
2,135,1583-08-20,20,0,0
2,135,1583-09-27,16,13,4
2,135,1583-10-21,94,14,0
76,1,1582-11-08,483,1,3.5
76,31,1583-01-06,0,15,0
164,76,1583-03-15,0,5,10
164,76,1583-03-15,27,10,8
27,76,1583-03-27,30,12,2
164,76,1583-03-28,1,15,8
164,76,1583-03-28,13,15,1
2,76,1584-01-21,4,10,4
73,76,1584-02-22,11,9,11
73,76,1584-02-22,162,4,11
76,66,1584-02-22,17,0,2
76,70,1584-02-22,24,13,10.5
96,76,1584-02-22,44,10,4
72,76,1584-02-22,50,11,5
76,57,1584-02-22,6,16,6
165,76,1584-07-14,274,8,2
164,76,1584-07-26,0,11,0
73,76,1585-01-28,16,16,6
2,76,1594-09-13,11,14,0
2,76,1594-09-13,63,15,0
2,76,1594-09-13,67,3,9
73,76,1594-09-20,47,13,1
136,1,1582-11-08,1600,0,0
137,1,1582-11-08,48,19,2
2,137,1583-09-29,62,2,8
102,1,1582-11-08,54,0,4.5
2,102,1584-05-07,1,10,4
2,102,1584-08-13,33,6,8
85,1,1582-11-08,25,0,0
138,1,1582-11-08,336,15,5.5
88,138,1594-09-20,336,15,5.5
139,1,1582-11-08,0,2,0
140,1,1582-11-08,4,12,8
141,1,1582-11-08,200,0,0
2,141,1583-10-03,433,6,8
142,1,1582-11-08,133,6,6
142,76,1583-06-28,8,6,8
2,142,1583-07-30,8,6,8
2,142,1583-10-06,135,8,4
143,1,1582-11-08,67,8,5
2,143,1583-10-28,70,18,8
144,1,1582-11-08,106,5,0
2,144,1583-10-03,111,14,6
134,1,1582-11-08,105,1,8.5
2,134,1583-12-12,105,1,8.5
145,1,1582-11-08,142,9,6
152,145,1594-09-20,142,9,6
146,1,1582-11-08,207,13,1
147,1,1582-11-08,580,19,2.5
14,1,1582-11-08,133,6,8
2,14,1583-08-01,8,6,8
2,14,1583-10-03,136,16,1
92,1,1582-11-08,82,13,0
35,92,1583-01-06,25,7,0
2,92,1583-06-28,2,0,0
92,42,1583-11-16,16,13,4
2,92,1584-03-15,71,19,4
94,1,1582-11-08,100,0,0
94,42,1583-11-16,16,13,4
2,94,1584-01-04,116,13,4
89,1,1582-11-08,113,2,10
35,89,1583-01-06,20,5,4
2,89,1583-03-26,100,0,0
2,89,1583-04-01,166,13,4
2,89,1583-06-28,2,0,0
2,89,1583-09-27,1030,0,0
2,89,1583-10-26,32,4,5.5
89,2,1583-11-28,32,4,5.5
102,1,1582-11-08,200,0,0
2,102,1583-08-20,2,4,0
2,102,1583-10-09,0,6,8
2,102,1594-09-13,0,18,8
2,102,1594-09-13,100,3,4
2,102,1594-09-13,16,18,4
2,102,1594-09-13,17,16,7
2,102,1594-09-13,178,3,4
2,102,1594-09-13,20,5,0
2,102,1594-09-13,4,3,4
2,102,1594-09-13,42,16,4
2,102,1594-09-14,1,11,6
2,102,1594-09-14,2,0,0
2,102,1594-09-14,2,0,0
2,102,1594-09-14,3,0,0
2,102,1594-09-14,5,10,2
102,132,1594-09-20,19,1,7
102,133,1594-09-20,4,6,5
88,1,1582-11-08,41112,10,5
9,88,1583-12-26,130,10,0
9,88,1583-12-26,317,11,2
88,128,1584-11-22,200,0,0
88,167,1584-11-22,28,2,7
106,88,1584-11-22,3,6,8
42,88,1584-11-22,312,10,0
2,88,1594-09-14,49,11,0
88,9,1594-09-15,11,4,1
88,60,1594-09-15,14,3,4
20,88,1594-09-15,58,3,10
69,88,1594-09-15,6,10,3
54,88,1594-09-15,8,15,7
38,88,1594-09-15,91,11,5
10,88,1594-09-20,0,0,1
12,88,1594-09-20,0,0,1
88,87,1594-09-20,0,11,8
88,176,1594-09-20,0,4,0
80,88,1594-09-20,1,14,0
2,88,1594-09-20,100,0,0
81,88,1594-09-20,11,17,6
88,106,1594-09-20,118,15,6.66666666666667
88,119,1594-09-20,12,7,9
88,104,1594-09-20,15,9,6
88,121,1594-09-20,16,15,6
88,106,1594-09-20,166,4,1
212,88,1594-09-20,17,7,10
88,120,1594-09-20,2,6,8
45,88,1594-09-20,35,14,5
88,106,1594-09-20,38,19,10
88,125,1594-09-20,49,0,3
88,122,1594-09-20,5,10,8
105,88,1594-09-20,65,11,6.5
148,1,1582-11-08,50,0,0
2,148,1594-09-15,50,0,0
149,1,1582-11-08,0,14,0
149,35,1583-01-07,10,0,0
2,149,1583-05-03,10,0,0
2,149,1583-05-25,0,4,0
150,1,1582-11-08,300,0,0
2,150,1583-09-07,108,16,3
151,1,1582-11-08,3,8,0
9,1,1582-11-08,11,4,1
90,1,1582-11-08,4945,10,7
90,28,1583-12-15,1609,15,6
2,90,1584-01-07,700,0,0
2,90,1584-03-15,1145,10,7
84,90,1584-03-22,3100,0,0
91,90,1584-11-27,200,0,0
90,91,1584-11-27,200,0,0
26,90,1584-11-27,250,0,0
90,123,1594-09-30,138,12,7.375
90,41,1594-09-30,14,18,4
90,187,1594-09-30,2,0,0
90,28,1594-10-01,128,15,3.5
90,28,1594-10-01,129,10,5
57,90,1594-10-01,242,10,1
55,90,1594-10-04,12,17,6
19,90,1594-10-04,13,0,4.75
84,90,1594-10-04,180,1,5.33333333333333
90,84,1594-10-04,192,15,9
164,90,1594-10-04,23,15,3.5
60,90,1594-10-04,23,4,0.666666666666667
90,73,1594-10-04,24,15,10
90,88,1594-10-04,41,14,8.5
88,90,1594-10-04,83,2,5
220,90,1594-12-15,107,9,5.5
106,90,1594-12-15,115,10,0
90,103,1594-12-15,40,10,3.66666666666667
88,90,1594-12-15,50,0,0
65,90,1594-12-16,17,10,5.5
2,90,1594-12-16,524,12,10.1666666666667
152,1,1582-11-08,328,10,10
2,152,1583-07-02,14,16,8
2,152,1583-07-21,5,3,4
2,152,1583-07-23,0,6,8
2,152,1583-08-20,0,10,11
2,152,1583-08-20,1,9,8
2,152,1583-08-20,2,2,6
2,152,1583-09-07,6,8,9
2,152,1583-10-21,25,2,9
2,152,1584-03-05,10,0,0
2,152,1584-04-22,2,0,0
2,152,1584-04-23,4,19,6
2,152,1584-06-08,1,9,8
2,152,1584-06-28,0,13,4
152,2,1584-06-28,8,16,7
2,152,1584-10-04,20,0,0
2,152,1584-10-15,0,14,8
2,152,1584-12-16,20,0,0
2,152,1584-12-16,5,9,0
2,152,1584-12-28,16,13,4
2,152,1584-12-28,2,0,0
2,152,1585-01-28,25,0,0
2,152,1594-09-14,1,13,6
153,1,1582-11-08,8,11,10
154,1,1582-11-08,100,0,0
2,154,1583-05-21,100,0,0
155,1,1582-11-08,66,3,4
2,155,1583-12-06,66,3,4
156,1,1582-11-08,425,0,0
156,76,1583-02-12,18,18,9
2,156,1583-02-12,25,0,0
2,156,1583-04-05,12,14,2
2,156,1583-04-07,18,15,0
107,1,1582-11-08,303,1,9.5
2,107,1583-03-12,100,0,0
160,107,1583-09-19,26,12,11
77,1,1582-11-08,1,0,0
157,1,1582-11-08,0,15,1
2,157,1584-01-28,0,15,1
158,1,1582-11-08,100,0,0
2,158,1583-09-19,100,0,0
2,158,1583-09-19,23,8,9
38,1,1582-11-08,1,4,4
9,1,1582-11-08,11,11,1
159,1,1582-11-08,0,0,10
160,1,1582-11-08,294,4,2
2,160,1582-12-01,320,17,1
137,1,1582-11-08,100,0,0
145,1,1582-11-08,1453,11,7
145,28,1585-01-28,54,6,10
145,28,1594-09-15,543,8,4
161,1,1582-11-08,367,14,4
2,161,1583-10-03,1,18,4
2,161,1583-10-08,407,6,3
88,1,1582-11-08,448,5,3.5
88,50,1583-02-15,400,0,0
2,88,1583-05-13,159,0,3
88,181,1583-11-16,33,6,8
141,88,1583-11-16,66,13,4
88,138,1583-11-16,91,13,4
107,88,1584-02-22,23,0,0
88,2,1584-03-15,33,6,8
19,1,1582-11-08,10,3,7.5
2,19,1583-11-16,4,3,4
162,1,1582-11-08,37,6,8
2,162,1583-03-26,40,5,0
162,76,1583-04-30,2,18,4
163,1,1582-11-08,1161,19,2
2,163,1582-12-04,6,0,0
2,163,1583-09-19,257,13,11
164,1,1582-11-08,6,15,1.5
26,164,1583-01-10,175,0,0
2,164,1584-02-18,172,18,4
165,1,1582-11-08,376,11,9
2,165,1583-09-16,54,6,1
2,165,1583-09-19,500,3,3
2,165,1584-05-07,100,0,0
26,165,1584-07-20,253,15,0
2,165,1594-12-13,1,5,6
2,165,1594-12-13,131,5,0
166,1,1582-11-08,1,0,0
26,1,1582-11-08,0,5,0
26,2,1583-08-11,159,3,4
70,1,1582-11-08,0,10,0
77,1,1582-11-08,1000,0,0
77,28,1583-12-15,714,10,9
84,77,1584-03-22,1007,10,0
167,1,1582-11-08,34,14,3
168,1,1582-11-08,162,10,0
26,168,1583-03-23,130,0,0
169,1,1582-11-08,19,10,0
103,1,1582-11-08,2549,4,6.5
2,103,1582-11-26,1,0,0
2,103,1582-12-01,15,10,0
2,103,1583-01-22,0,15,0
2,103,1583-01-31,3,0,5
2,103,1583-02-12,1,7,4
2,103,1583-02-15,50,0,0
2,103,1583-05-10,25,0,0
170,1,1582-11-08,0,0,2
171,1,1582-11-08,168,0,0
2,171,1582-11-09,14,4,6
172,1,1582-11-08,0,15,1.5
2,172,1583-09-07,0,15,1.5
173,1,1582-11-08,0,8,4
90,1,1582-11-08,1176,4,1
2,90,1582-11-22,16,0,0
2,90,1582-11-27,6,13,4
90,26,1582-12-01,165,8,4
2,90,1582-12-04,50,0,0
64,90,1583-01-05,0,1,8
2,90,1583-01-05,10,0,0
35,90,1583-01-05,11,0,7
2,90,1583-01-07,1,17,6
66,90,1583-01-10,0,17,9
75,90,1583-01-31,1,10,0
78,90,1583-01-31,3,2,4.5
53,90,1583-01-31,33,15,11.5
17,90,1583-01-31,42,18,7
35,90,1583-01-31,7,16,4
90,26,1583-02-03,197,18,4
90,37,1583-02-03,9,10,0.5
2,90,1583-02-07,18,0,0
2,90,1583-02-08,6,0,0
2,90,1583-02-09,1,1,8
2,90,1583-02-09,2,0,0
84,90,1583-02-12,1570,16,8
2,90,1583-02-12,20,2,6
2,90,1583-02-12,8,13,4
2,90,1583-02-18,2,13,4
90,26,1583-02-21,205,4,2
90,26,1583-02-21,46,19,2
90,26,1583-02-21,82,1,8
2,90,1583-02-27,6,0,0
2,90,1583-03-12,6,0,0
2,90,1583-03-16,75,10,0.5
2,90,1583-04-25,100,0,0
26,90,1583-04-25,334,5,0
2,90,1583-06-11,10,0,0
2,90,1583-06-14,5,0,0
90,2,1583-06-14,9,4,0
2,90,1583-06-15,68,1,9
2,90,1583-06-21,10,0,0
2,90,1583-06-21,8,7,10
2,90,1583-06-28,2,0,0
2,90,1583-07-02,10,0,0
2,90,1583-07-12,27,6,4
2,90,1583-07-14,10,0,0
90,37,1583-07-15,217,4,7
90,2,1583-07-15,4,0,0
37,90,1583-07-21,145,4,1
2,90,1583-07-27,10,0,0
2,90,1583-08-08,10,0,0
2,90,1583-08-15,10,0,0
2,90,1583-08-25,10,0,0
90,2,1583-10-03,381,6,3
90,2,1583-10-26,154,1,4.5
90,76,1583-11-16,132,15,1
90,42,1583-11-16,16,13,4
2,90,1584-01-17,18,18,4.5
73,90,1584-02-22,0,0,4
164,90,1584-03-15,49,12,1
90,2,1584-03-22,49,12,5
174,1,1582-11-08,1273,15,2
174,2,1582-11-09,142,3,9
174,2,1582-12-01,40,12,6
174,2,1583-04-08,83,6,8
174,2,1583-04-13,83,6,8
174,2,1583-04-22,50,0,0
174,2,1583-05-05,66,13,4
174,2,1583-05-21,50,0,0
174,2,1583-06-11,33,6,8
174,2,1583-06-21,41,13,4
175,1,1582-11-08,50,0,0
2,175,1583-08-11,50,0,0
93,1,1582-11-08,4288,0,3
2,93,1582-11-21,100,0,0
2,93,1582-12-29,4,2,4
35,93,1583-01-06,9,10,8
2,93,1583-01-07,1,7,6
35,93,1583-01-31,0,5,8
93,90,1583-01-31,4,0,0
2,93,1583-02-10,1,7,6
2,93,1583-03-12,10,17,6
2,93,1583-03-12,4,13,4
2,93,1583-04-21,12,0,0
2,93,1583-06-26,29,13,4
2,93,1583-06-28,2,0,0
2,93,1583-08-04,12,0,0
2,93,1583-08-04,28,0,0
2,93,1583-08-20,1,2,8
2,93,1583-08-20,15,2,5
2,93,1583-09-24,10,0,0
2,93,1583-10-18,1,1,4
2,93,1583-10-18,4,3,4
2,93,1583-10-26,10,0,0
2,93,1583-11-05,7,12,4
2,93,1583-11-11,0,6,8
2,93,1583-11-11,8,6,8
2,93,1583-11-15,16,13,4
93,42,1583-11-16,16,13,4
2,93,1583-12-07,42,4,3
2,93,1583-12-12,10,0,0
2,93,1583-12-12,25,14,7
2,93,1583-12-12,25,16,8
2,93,1583-12-12,27,11,8
2,93,1583-12-14,8,6,8
93,28,1583-12-15,1408,1,0
2,93,1584-01-03,10,0,0
2,93,1584-01-07,1,16,8
2,93,1584-01-07,200,0,0
2,93,1584-01-07,8,6,8
2,93,1584-03-15,4,3,4
2,93,1584-03-15,724,7,4
84,93,1584-03-22,2945,0,0
84,93,1594-09-10,800,0,0
2,26,1583-04-20,107,15,2
2,176,1594-09-15,8,2,8
2,26,1583-01-28,175,0,0
2,177,1582-12-08,37,3,4
2,177,1583-12-26,37,3,4
2,26,1583-04-22,90,8,0
2,178,1583-01-04,3,0,0
2,178,1583-11-28,7,0,0
88,89,1583-12-26,102,8,3
89,88,1583-12-26,5000,0,0
83,89,1585-01-28,817,5,8
84,89,1585-03-15,861,13,4
89,41,1594-09-30,14,18,4
89,187,1594-09-30,2,0,0
89,123,1594-09-30,333,12,6.875
89,28,1594-10-01,128,15,4
220,89,1594-10-04,107,9,5.5
106,89,1594-10-04,115,10,0
77,89,1594-10-04,12,10,3
89,88,1594-10-04,41,14,8.5
88,89,1594-10-04,50,0,0
55,89,1594-10-04,6,8,4
19,89,1594-10-04,6,9,9.75
89,84,1594-10-04,96,2,4
88,90,1583-12-26,105,11,11
88,90,1583-12-26,1600,0,0
90,88,1583-12-26,5000,0,0
83,90,1585-01-28,807,18,0
84,90,1585-03-15,861,13,4
90,96,1594-09-20,0,3,9
90,31,1594-09-20,5,11,5
88,91,1583-12-26,105,4,6
91,88,1583-12-26,5000,0,0
83,91,1585-01-28,838,16,0
84,91,1585-03-15,861,13,4
2,91,1594-09-15,300,0,0
88,92,1583-12-26,102,8,2
92,88,1583-12-26,5000,0,0
2,92,1584-12-29,50,0,0
2,92,1585-01-16,100,0,0
83,92,1585-01-28,818,13,0
2,92,1585-02-28,200,0,0
84,92,1585-03-15,861,13,4
92,41,1594-09-30,14,18,4
92,123,1594-09-30,146,10,6.875
92,187,1594-09-30,2,0,0
92,28,1594-10-01,128,15,3.5
220,92,1594-10-04,107,9,5.5
106,92,1594-10-04,115,10,0
77,92,1594-10-04,12,10,3
92,88,1594-10-04,41,14,8.5
88,92,1594-10-04,50,0,0
55,92,1594-10-04,6,8,4
19,92,1594-10-04,6,9,9.75
92,84,1594-10-04,96,2,4
88,77,1583-12-26,104,0,0
77,88,1583-12-26,5000,0,0
83,77,1585-01-28,818,15,8
84,77,1585-03-15,861,13,4
84,77,1594-09-15,10,0,0
84,77,1594-09-15,45,6,3
77,41,1594-09-30,14,18,4
77,187,1594-09-30,2,0,0
77,123,1594-09-30,260,1,9.125
217,77,1594-10-01,1122,0,4
77,28,1594-10-01,128,15,4
214,77,1594-10-01,45,6,8
77,95,1594-10-01,536,13,4
77,28,1594-10-01,57,12,4
220,77,1594-10-04,107,9,5.5
106,77,1594-10-04,115,10,0
77,84,1594-10-04,139,2,4
17,77,1594-10-04,150,13,0
77,95,1594-10-04,26,1,9
88,77,1594-10-04,36,19,10
77,88,1594-10-04,41,14,8.5
88,77,1594-10-04,50,0,0
55,77,1594-10-04,9,5,9
19,77,1594-10-04,9,7,10.75
88,93,1583-12-26,105,17,5
93,88,1583-12-26,5000,0,0
83,93,1585-01-28,813,14,0
84,93,1585-03-15,861,13,4
2,93,1594-09-15,1800,0,0
93,41,1594-09-30,14,18,4
93,187,1594-09-30,2,0,0
93,123,1594-09-30,254,9,6.875
93,28,1594-10-01,113,10,9
93,28,1594-10-01,128,15,3.5
55,93,1594-10-04,12,1,6
19,93,1594-10-04,12,4,3.75
84,93,1594-10-04,180,1,5.33333333333333
93,84,1594-10-04,180,17,8
93,88,1594-10-04,26,13,4
93,88,1594-10-04,41,14,8.5
88,93,1594-10-04,72,17,5
84,93,1594-10-04,88,17,9
220,93,1594-12-15,107,9,5.5
106,93,1594-12-15,115,10,0
88,93,1594-12-15,50,0,0
88,94,1583-12-26,105,1,7
94,88,1583-12-26,3368,7,2.33333333333333
2,94,1584-01-04,132,11,11
83,94,1585-01-28,830,0,8
84,94,1585-03-15,861,13,4
94,123,1594-09-10,29,13,1
94,123,1594-09-10,85,1,5
2,94,1594-09-13,533,6,8
94,41,1594-09-30,14,18,4
94,187,1594-09-30,2,0,0
94,123,1594-09-30,260,8,11.875
94,28,1594-10-01,128,15,3.5
60,94,1594-10-01,6,6,1
94,88,1594-10-04,41,14,8.5
55,94,1594-10-04,6,8,4
19,94,1594-10-04,6,9,9.75
94,84,1594-10-04,96,2,4
220,94,1594-12-15,107,9,5.5
106,94,1594-12-15,115,10,0
88,94,1594-12-15,50,0,0
88,95,1583-12-26,105,13,11
88,95,1583-12-26,200,0,0
95,88,1583-12-26,5000,0,0
107,95,1583-12-26,542,6,10
83,95,1585-01-28,828,12,4
84,95,1585-03-15,861,13,4
95,41,1594-09-30,14,18,4
95,187,1594-09-30,2,0,0
95,123,1594-09-30,261,6,0.875
95,28,1594-10-01,128,15,3.5
95,28,1594-10-01,139,13,6
19,95,1594-10-04,13,10,8.25
55,95,1594-10-04,13,7,6
95,84,1594-10-04,200,7,4
95,88,1594-10-04,41,14,8.5
83,95,1594-10-04,879,15,8.625
88,95,1594-10-04,89,12,8
220,95,1594-10-15,107,9,5.5
106,95,1594-10-15,115,10,0
88,95,1594-10-15,50,0,0
88,123,1583-12-26,105,0,11
88,123,1583-12-26,1400,0,0
88,123,1583-12-26,400,0,0
123,88,1583-12-26,5000,0,0
2,88,1583-11-05,6,0,2
2,123,1584-03-22,2,0,0
2,123,1584-03-22,2,12,8
83,123,1584-11-28,826,4,4
94,90,1583-01-31,28,7,6
2,94,1584-01-04,28,7,6
94,88,1583-12-26,1631,12,9.66666666666667
106,2,1583-03-12,16,13,4
106,2,1583-03-12,21,13,4
106,2,1584-09-25,20,19,0
106,2,1585-01-02,14,17,10
106,2,1585-01-16,14,0,0
106,2,1585-02-20,4,15,3.5
106,2,1594-09-20,12,13,4
88,106,1594-09-20,67,5,5.5
2,26,1583-04-09,8,5,2
2,26,1583-05-04,19,4,0
2,26,1583-06-11,24,0,0
26,2,1583-06-04,5,0,0
2,26,1583-09-15,31,5,0
58,138,1582-11-08,166,13,4
138,88,1582-11-08,166,13,4
138,88,1582-11-08,25,0,0
138,88,1582-11-08,66,13,4
181,88,1582-11-08,33,6,8
138,88,1582-11-08,300,0,0
88,138,1594-09-20,300,0,0
157,88,1582-11-08,12,0,0
2,157,1583-02-22,12,0,0
182,88,1582-11-08,160,0,0
2,182,1583-10-03,160,0,0
183,88,1582-11-08,160,0,0
2,183,1583-10-03,170,0,0
41,88,1582-11-08,133,6,8
2,41,1583-10-03,14,0,0
50,88,1582-11-08,16,13,4
135,88,1582-11-08,16,13,4
62,88,1582-11-08,4,3,4
184,88,1582-11-08,48,0,0
2,184,1583-09-29,48,0,0
64,88,1582-11-08,48,0,0
2,64,1583-09-19,48,0,0
57,88,1582-11-08,48,0,0
2,57,1583-09-26,48,0,0
185,88,1582-11-08,48,0,0
2,185,1583-10-03,48,0,0
107,88,1582-11-08,64,0,0
2,107,1583-10-03,64,0,0
147,88,1582-11-08,250,0,0
2,147,1583-10-03,250,0,0
141,88,1582-11-08,166,13,4
150,88,1582-11-08,33,6,8
186,88,1582-11-08,8,6,8
2,186,1583-07-27,8,6,8
161,88,1582-11-08,33,6,8
2,161,1583-10-03,33,6,8
134,88,1582-11-08,300,0,0
2,134,1583-10-03,300,0,0
137,88,1582-11-08,64,0,0
2,137,1583-10-03,64,0,0
187,88,1582-11-08,16,0,0
103,88,1582-11-08,66,13,4
188,88,1582-11-08,8,6,8
2,188,1583-06-28,8,6,8
189,88,1582-11-08,24,0,0
2,189,1583-08-12,1,10,0
2,189,1583-10-03,24,0,0
190,88,1582-11-08,200,0,0
2,190,1583-10-03,200,0,0
191,88,1582-11-08,100,0,0
2,191,1583-10-03,100,0,0
176,88,1582-11-08,8,6,8
29,88,1582-11-08,10,0,0
192,88,1582-11-08,4,3,4
2,192,1584-07-09,4,3,4
65,88,1582-11-08,8,6,8
193,88,1582-11-08,4,3,4
70,88,1582-11-08,4,3,4
73,88,1582-11-08,16,13,4
194,88,1582-11-08,4,3,4
38,194,1583-01-17,4,3,4
164,88,1582-11-08,4,3,4
55,88,1582-11-08,4,3,4
117,88,1582-11-08,4,3,4
19,88,1582-11-08,4,3,4
195,88,1582-11-08,4,3,4
2,195,1583-10-28,4,3,4
196,88,1582-11-08,8,6,8
103,196,1594-09-30,8,6,8
51,88,1582-11-08,8,6,8
197,88,1582-11-08,100,0,0
2,197,1583-10-03,100,0,0
198,88,1582-11-08,33,6,8
2,198,1583-02-12,33,6,8
42,88,1582-11-08,172,3,10
42,88,1582-11-08,133,6,8
199,88,1582-11-08,133,6,8
2,199,1583-10-03,133,6,8
200,88,1582-11-08,133,6,8
2,200,1583-10-03,133,6,8
2,200,1584-03-15,8,6,8
156,88,1582-11-08,133,6,8
2,156,1583-10-03,133,6,8
2,156,1584-01-24,8,6,8
201,88,1582-11-08,66,13,4
2,201,1583-10-03,66,13,4
202,88,1582-11-08,66,13,4
2,202,1583-10-03,66,13,4
203,88,1582-11-08,200,0,0
2,203,1583-02-12,33,6,8
2,203,1583-07-17,33,6,8
2,203,1583-09-19,33,6,8
2,203,1583-10-03,100,0,0
204,88,1582-11-08,16,13,4
29,204,1583-08-25,16,13,4
205,88,1582-11-08,66,13,4
2,205,1583-10-03,66,13,4
206,88,1582-11-08,66,13,4
2,206,1583-10-03,66,13,4
207,88,1582-11-08,166,13,4
2,207,1583-10-03,166,13,4
135,88,1582-11-08,400,0,0
50,135,1584-02-22,400,0,0
208,88,1582-11-08,32,0,0
2,208,1583-08-22,2,0,0
2,208,1583-10-03,32,0,0
201,88,1582-11-08,20,0,0
88,201,1583-11-16,20,0,0
209,88,1582-11-08,50,0,0
2,209,1583-10-03,50,0,0
26,2,1584-03-20,157,18,4
26,2,1584-03-15,311,5,0
26,2,1584-04-10,157,10,0
26,2,1584-04-10,167,8,8
26,2,1584-02-04,194,5,5
26,2,1584-05-24,31,0,0
26,2,1585-03-01,32,13,4
26,2,1584-03-30,230,1,10
26,2,1584-03-15,119,7,4
26,2,1584-04-10,157,10,0
26,2,1584-04-28,387,14,11
26,2,1584-02-08,113,18,1
26,2,1584-04-23,270,13,4
26,2,1584-05-07,512,13,9
26,2,1584-04-11,78,15,0
26,2,1584-02-11,159,11,8
26,2,1583-03-15,155,12,6
26,2,1584-04-22,157,5,10
26,2,1584-02-18,155,16,8
26,2,1584-03-15,157,10,0
26,2,1584-03-23,154,3,4
26,2,1584-03-15,155,16,8
26,2,1584-03-15,108,18,9
26,2,1584-02-18,156,5,0
26,2,1584-03-15,233,8,9
2,88,1584-01-16,4,0,0
2,88,1584-01-17,1,2,8
2,88,1584-02-11,9,5,4
2,88,1584-02-20,33,0,0
2,88,1584-03-15,1,3,8
2,88,1584-03-15,1,4,10
88,26,1584-09-13,1,3,3
2,88,1594-12-04,0,6,8
2,88,1594-12-04,0,9,8
2,88,1594-12-04,1,13,2
2,88,1594-12-04,1,2,8
2,88,1594-12-04,11,19,3
2,88,1594-12-04,13,9,6
2,88,1594-12-04,2,12,2
2,88,1594-12-04,37,3,4
2,88,1594-12-04,5,17,6
2,88,1594-12-13,0,12,0
2,88,1594-12-13,0,16,1
2,88,1594-12-13,0,5,0
2,88,1594-12-13,0,8,8
2,88,1594-12-13,1,4,0
2,88,1594-12-13,1,9,4.5
2,88,1594-12-13,14,16,2
2,88,1594-12-13,16,13,4
2,88,1594-12-13,16,13,4
2,88,1594-12-13,16,13,4
2,88,1594-12-13,2,0,0
2,88,1594-12-13,2,10,0
2,88,1594-12-13,20,4,2
2,88,1594-12-13,4,0,0
2,88,1594-12-13,4,5,0
2,88,1594-12-13,5,0,0
2,88,1594-12-13,50,0,0
2,88,1594-12-13,50,0,0
2,88,1594-12-13,74,6,8
2,88,1594-12-13,78,18,10
2,88,1594-12-20,7,6,8
61,28,1584-02-22,169,0,0
30,28,1584-02-22,757,3,5
99,28,1584-02-22,80,0,0
28,26,1584-03-27,0,0,1
28,159,1584-03-27,0,0,10
28,2,1584-03-27,0,1,0
28,70,1584-03-27,0,10,0
28,2,1584-03-27,0,3,0
28,139,1584-03-27,0,4,0
28,61,1584-03-27,10,0,0
28,32,1584-03-27,3,11,11
28,35,1584-03-27,67,8,3
29,28,1584-03-30,0,0,1
29,28,1584-03-30,0,6,0
124,28,1584-03-30,3,6,2
83,28,1584-03-30,9,16,11
2,28,1584-10-17,4,4,6
28,83,1585-01-28,0,0,1
83,28,1585-01-28,1,1,8
83,28,1585-01-28,100,0,0
82,28,1585-01-28,53,4,4
146,28,1585-01-28,7,15,3
83,28,1585-01-28,84,11,4
28,84,1594-09-05,1303,3,3
83,28,1594-09-05,155,8,4
84,28,1594-09-05,235,5,3
28,84,1594-09-05,235,5,3
28,84,1594-09-05,31,0,0
83,28,1594-09-05,690,10,8
28,84,1594-09-07,1221,6,1
2,28,1594-09-14,7,10,10
26,28,1594-09-15,0,0,1
28,26,1594-09-15,0,0,1
50,28,1594-09-15,0,0,10
28,50,1594-09-15,0,0,10
28,26,1594-09-15,0,0,7
28,173,1594-09-15,0,8,4
28,32,1594-09-15,136,10,1
63,28,1594-09-15,14,17,5
56,28,1594-09-15,15,10,0
82,28,1594-09-15,154,10,0
101,28,1594-09-15,179,10,10
17,28,1594-09-15,2,10,4
28,84,1594-09-15,205,5,3
38,28,1594-09-15,21,19,2
30,28,1594-09-15,210,1,1
100,28,1594-09-15,22,0,0
28,30,1594-09-15,222,3,8
84,28,1594-09-15,25,3,3
32,28,1594-09-15,296,4,6
67,28,1594-09-15,31,7,5
28,82,1594-09-15,322,0,7
53,28,1594-09-15,35,1,2
68,28,1594-09-15,39,16,5
28,82,1594-09-15,43,18,5
28,82,1594-09-15,441,9,6.5
28,61,1594-09-15,565,14,9
28,17,1594-09-15,69,7,7
146,28,1594-09-15,77,12,6
17,28,1594-09-15,83,1,10
2,28,1594-09-20,19,2,11
28,165,1594-09-20,33,9,11
26,28,1594-09-30,0,0,2
28,102,1594-09-30,104,10,10
28,84,1594-09-30,229,5,5
28,76,1594-09-30,300,0,0
28,76,1594-09-30,89,3,3
28,84,1594-09-30,99,13,0
26,2,1584-02-06,196,7,1
26,2,1584-09-25,280,14,7
210,26,1584-04-29,159,10,0
210,2,1594-09-15,33,16,10
26,2,1584-06-15,134,2,7
26,2,1584-11-16,159,10,0
26,2,1584-06-23,312,2,3
26,2,1584-06-21,79,8,7
211,17,1584-05-16,204,8,0
2,212,1584-05-23,17,7,10
2,90,1584-07-30,400,0,0
2,90,1584-08-04,136,0,0
2,90,1584-09-20,190,0,0
90,123,1584-11-28,726,0,0
26,2,1584-06-05,129,3,0
26,2,1584-06-17,406,5,0
2,89,1584-08-14,536,0,0
2,89,1584-09-20,190,0,0
89,123,1584-11-28,726,0,0
2,92,1584-06-13,400,0,0
2,92,1584-07-09,100,0,0
2,92,1584-08-14,36,0,0
92,123,1584-11-28,726,0,0
2,92,1584-12-27,190,0,0
2,94,1584-05-14,282,14,3
2,94,1584-10-25,443,5,9
94,123,1584-11-28,726,0,0
2,77,1584-06-13,300,0,0
2,77,1584-07-17,100,0,0
2,77,1584-08-14,136,0,0
2,77,1584-09-20,190,0,0
77,123,1584-11-28,726,0,0
2,91,1584-06-04,400,0,0
2,91,1584-08-14,136,0,0
2,91,1584-09-20,190,0,0
91,123,1584-11-28,726,0,0
2,93,1584-06-14,400,0,0
2,93,1584-08-14,136,0,0
2,93,1584-09-20,190,0,0
93,123,1584-11-28,726,0,0
2,95,1584-06-14,400,0,0
2,95,1584-08-14,136,0,0
2,95,1584-09-20,190,0,0
95,123,1584-11-28,726,0,0
26,2,1584-08-11,170,16,8
26,2,1584-09-07,699,13,4
26,2,1584-11-29,147,18,4
213,2,1584-12-20,88,0,0
213,2,1594-09-13,88,0,0
2,42,1584-07-04,312,10,0
17,90,1584-07-30,8,10,0
90,107,1584-12-21,162,12,10.5
83,90,1584-12-29,161,5,0
26,2,1584-07-22,160,8,4
26,2,1584-09-16,306,18,8
26,2,1584-10-21,395,17,11
102,217,1594-09-05,1123,2,0
2,102,1594-09-13,17,11,0
84,102,1594-09-07,823,9,3
84,57,1594-09-10,880,15,1
84,102,1594-09-28,120,11,1
216,123,1594-09-10,118,12,6
84,216,1594-09-10,2314,1,0
216,123,1594-09-10,340,6,0
84,216,1594-09-10,529,7,7
84,216,1594-09-10,65,4,5
84,216,1594-09-10,7033,6,2
84,216,1594-09-10,73,4,5
84,216,1594-09-10,806,13,3
84,216,1594-09-10,927,19,4
216,89,1594-09-12,11,12,6
216,92,1594-09-12,11,12,6
216,89,1594-09-12,115,2,3
216,92,1594-09-12,115,2,3
216,89,1594-09-12,13,0,5
216,92,1594-09-12,13,0,5
216,77,1594-09-12,16,1,11
216,77,1594-09-12,165,10,0
216,77,1594-09-12,18,4,11
216,95,1594-09-12,237,5,1
216,95,1594-09-12,25,16,8
216,95,1594-09-12,28,18,8
216,89,1594-09-12,330,4,7
216,92,1594-09-12,330,4,7
216,77,1594-09-12,474,15,2
216,95,1594-09-12,680,12,0
216,89,1594-10-01,1731,14,4
216,92,1594-10-01,1731,14,4
216,95,1594-10-01,1731,14,4
216,92,1594-10-04,442,14,2
216,95,1594-10-04,442,14,2
216,91,1594-09-10,16,3,4
216,90,1594-09-10,16,6,1.33333333333333
216,91,1594-09-10,16,6,1.33333333333333
216,93,1594-09-10,16,6,1.33333333333333
216,90,1594-09-10,1620,12,10.3333333333333
216,91,1594-09-10,1620,12,10.3333333333333
216,93,1594-09-10,1620,12,10.3333333333333
84,216,1594-09-10,1735,10,9
216,93,1594-09-10,18,12,0
216,91,1594-09-10,184,19,0
216,90,1594-09-10,20,3,0
216,93,1594-09-10,214,8,0
216,90,1594-09-10,228,12,5
216,123,1594-09-10,255,4,6
84,216,1594-09-10,48,18,4
84,216,1594-09-10,4861,18,8
216,91,1594-09-10,530,12,0
84,216,1594-09-10,54,18,4
84,216,1594-09-10,604,19,11
216,93,1594-09-10,615,0,8
216,90,1594-09-10,655,17,0
216,123,1594-09-10,88,19,5
217,60,1594-09-12,1,1,8
218,2,1594-09-20,131,11,3
2,219,1594-09-15,33,6,8
2,220,1594-09-14,0,10,0
2,220,1594-09-14,0,12,8
2,220,1594-09-14,0,14,7.5
2,220,1594-09-14,0,6,6
2,220,1594-09-14,1,10,0
2,220,1594-09-14,1,9,0
2,220,1594-09-14,110,0,0
2,220,1594-09-14,164,6,5.5
2,220,1594-09-14,2,16,0
2,220,1594-09-14,4,13,0
2,220,1594-09-14,4,3,4
2,220,1594-09-14,52,16,3
220,2,1594-09-14,54,13,4
2,220,1594-09-14,6,11,10
2,220,1594-09-14,62,10,3
2,220,1594-09-14,7,6,0
2,220,1594-09-14,75,0,0
2,220,1594-09-14,9,3,8
2,221,1594-09-14,58,0,0
3,88,1594-09-20,0,0,1
3,88,1594-09-20,0,0,1
3,88,1594-09-20,0,0,1
5,88,1594-09-20,0,15,2
88,112,1594-09-20,0,9,0
88,116,1594-09-20,1,6,0
4,88,1594-09-20,10,4,0
7,88,1594-09-20,11,5,0
88,109,1594-09-20,15,0,0
88,111,1594-09-20,15,19,2
6,88,1594-09-20,16,4,10
3,88,1594-09-20,17,17,6
88,113,1594-09-20,18,13,10
88,110,1594-09-20,18,15,5
88,114,1594-09-20,2,13,3
88,113,1594-09-20,22,7,6
88,140,1594-09-20,4,12,8
88,108,1594-09-20,5,9,4
88,113,1594-09-20,6,17,5
88,118,1594-09-20,67,8,11
88,115,1594-09-20,7,0,0
88,126,1594-09-20,70,2,6
33,106,1594-09-20,140,0,0
104,106,1594-09-20,48,0,0
84,216,1594-09-30,814,15,10
84,216,1594-10-01,1666,13,4
2,88,1594-10-15,8,6,8
83,145,1594-12-16,2137,7,5.25
